-- --------------------------------------------------------
-- Host:                         127.0.0.1
-- Server version:               8.0.30 - MySQL Community Server - GPL
-- Server OS:                    Win64
-- HeidiSQL Version:             12.1.0.6537
-- --------------------------------------------------------

/*!40101 SET @OLD_CHARACTER_SET_CLIENT=@@CHARACTER_SET_CLIENT */;
/*!40101 SET NAMES utf8 */;
/*!50503 SET NAMES utf8mb4 */;
/*!40103 SET @OLD_TIME_ZONE=@@TIME_ZONE */;
/*!40103 SET TIME_ZONE='+00:00' */;
/*!40014 SET @OLD_FOREIGN_KEY_CHECKS=@@FOREIGN_KEY_CHECKS, FOREIGN_KEY_CHECKS=0 */;
/*!40101 SET @OLD_SQL_MODE=@@SQL_MODE, SQL_MODE='NO_AUTO_VALUE_ON_ZERO' */;
/*!40111 SET @OLD_SQL_NOTES=@@SQL_NOTES, SQL_NOTES=0 */;

-- Dumping data for table db_lifting.barang: ~58 rows (approximately)
INSERT INTO `barang` (`id`, `nama_barang`, `satuan`, `harga`, `stok_tersedia`) VALUES
	(1000, 'Rantai 13 mm', 'pcs', 120000.00, 0),
	(1001, 'Selling 12 mm', 'pcs', 19000.00, 0),
	(1002, 'Selling 10 mm', 'pcs', 14500.00, 0),
	(1003, 'Webbing 6t*6m', 'pcs', 800000.00, 0),
	(1004, 'Hook 1/2', 'pcs', 70000.00, 0),
	(1005, 'Kuku macan 1/2', 'pcs', 2500.00, 0),
	(1006, 'Kuku macan 10 mm', 'pcs', 2000.00, 0),
	(1007, 'Hook 3 Ton', 'pcs', 90000.00, 0),
	(1008, 'Seling 10 mm', 'pcs', 13500.00, 0),
	(1009, 'Rantai 10 mm', 'pcs', 61000.00, 0),
	(1010, 'Sabuk 7m', 'pcs', 70000.00, 0),
	(1011, 'kancip', 'pcs', 250000.00, 0),
	(1012, 'Hook 3/8', 'pcs', 30000.00, 0),
	(1013, 'Cangkolan  2 ton', 'pcs', 60000.00, 0),
	(1014, 'Seling 8 mm', 'pcs', 7500.00, 0),
	(1015, 'Seling 12 mm', 'pcs', 15000.00, 0),
	(1016, 'Sabuk 8 m', 'mtr', 135000.00, 0),
	(1017, 'Roundsling 40t*8m', 'mtr', 7700000.00, 0),
	(1018, 'Sabuk 7 m', 'mtr', 80000.00, 0),
	(1019, 'Webbing 1t*1.5m', 'pcs', 35000.00, 0),
	(1020, 'Rantai 16 mm', 'pcs', 170000.00, 0),
	(1021, 'Webbing 5t*6m', 'pcs', 300000.00, 0),
	(1022, 'Webbing 5t*8m', 'pcs', 400000.00, 0),
	(1023, 'Rantai 3/8', 'pcs', 68000.00, 0),
	(1024, 'Grab Hook 3/8', 'pcs', 30000.00, 0),
	(1025, 'Webbing 2t*3m', 'pcs', 95000.00, 0),
	(1026, 'Webbing 2t*6m', 'pcs', 160000.00, 0),
	(1027, 'Webbing 3t*3m', 'pcs', 135000.00, 0),
	(1028, 'kancip 3/8', 'pcs', 250000.00, 0),
	(1029, 'kancip 1/2', 'pcs', 270000.00, 0),
	(1030, 'Hook 5 ton', 'pcs', 150000.00, 0),
	(1031, 'Hammer Lock 3/8', 'pcs', 55000.00, 0),
	(1032, 'Hammer Lock 1/2', 'pcs', 90000.00, 0),
	(1033, 'Rachet 1/2', 'pcs', 270000.00, 0),
	(1034, 'Rantai 20 mm', 'mtr', 320000.00, 0),
	(1035, 'Webbing 3t*6m', 'pcs', 225000.00, 0),
	(1036, 'Konecting 20mm', 'pcs', 250000.00, 0),
	(1037, 'Clevis Hook 3T', 'pcs', 125000.00, 0),
	(1038, 'Hook Rantai 3/8', 'pcs', 27000.00, 0),
	(1039, 'Hook Rantai 1/2', 'pcs', 75000.00, 0),
	(1040, 'Kuku macan 15 mm', 'pcs', 2500.00, 0),
	(1041, 'Selling 8 mm', 'pcs', 10000.00, 0),
	(1042, 'Hammer Lock 8mm', 'pcs', 45000.00, 0),
	(1043, 'Seling 6 mm', 'pcs', 7500.00, 0),
	(1044, 'Grab Hook 1/2', 'pcs', 75000.00, 0),
	(1045, 'Webbing 20t*8m', 'pcs', 2000000.00, 0),
	(1046, 'Webbing 3t*4m', 'pcs', 170000.00, 0),
	(1047, 'Hook 5/16', 'pcs', 18000.00, 0),
	(1048, 'Selling 6 mm', 'pcs', 7500.00, 0),
	(1049, 'Webbing 2t*4m', 'pcs', 110000.00, 0),
	(1050, 'Trekbelt 12m', 'pcs', 130000.00, 0),
	(1051, 'Trekbelt 15m', 'pcs', 150000.00, 0),
	(1052, 'Trekbelt 8m', 'pcs', 135000.00, 0),
	(1053, 'Sharlock 3/8', 'pcs', 150000.00, 0),
	(1054, 'Sabuk 8m', 'pcs', 135000.00, 0),
	(1055, 'Rantai 1/2', 'pcs', 110000.00, 0),
	(1056, 'Sabuk 10 m', 'mtr', 120000.00, 0),
	(1057, 'Rantai', 'pcs', 66000.00, 0);

-- Dumping data for table db_lifting.detail_transaksi: ~110 rows (approximately)
INSERT INTO `detail_transaksi` (`id`, `transaksi_id`, `barang_id`, `jumlah`, `harga_satuan`, `subtotal`) VALUES
	(1000, 1000, 1000, 200, 120000.00, 24000000.00),
	(1001, 1000, 1001, 500, 19000.00, 9500000.00),
	(1002, 1000, 1002, 1000, 14500.00, 14500000.00),
	(1003, 1000, 1003, 6, 800000.00, 4800000.00),
	(1004, 1000, 1004, 70, 70000.00, 4900000.00),
	(1005, 1000, 1005, 1000, 2500.00, 2500000.00),
	(1006, 1000, 1006, 500, 2000.00, 1000000.00),
	(1007, 1000, 1007, 20, 90000.00, 1800000.00),
	(1008, 1001, 1008, 1000, 13500.00, 13500000.00),
	(1009, 1001, 1009, 300, 61000.00, 18300000.00),
	(1010, 1001, 1010, 60, 70000.00, 4200000.00),
	(1011, 1002, 1011, 50, 250000.00, 12500000.00),
	(1012, 1002, 1012, 100, 30000.00, 3000000.00),
	(1013, 1002, 1013, 30, 60000.00, 1800000.00),
	(1014, 1002, 1014, 479, 7500.00, 3592500.00),
	(1015, 1002, 1008, 388, 10000.00, 3880000.00),
	(1016, 1002, 1015, 145, 15000.00, 2175000.00),
	(1017, 1003, 1014, 1000, 10000.00, 10000000.00),
	(1018, 1003, 1016, 20, 135000.00, 2700000.00),
	(1019, 1003, 1017, 1, 7700000.00, 7700000.00),
	(1020, 1003, 1008, 384, 9500.00, 3648000.00),
	(1021, 1003, 1018, 58, 80000.00, 4640000.00),
	(1022, 1003, 1019, 20, 35000.00, 700000.00),
	(1023, 1004, 1020, 300, 170000.00, 51000000.00),
	(1024, 1004, 1021, 48, 300000.00, 14400000.00),
	(1025, 1004, 1022, 12, 400000.00, 4800000.00),
	(1026, 1005, 1023, 300, 68000.00, 20400000.00),
	(1027, 1005, 1024, 100, 30000.00, 3000000.00),
	(1028, 1005, 1025, 25, 95000.00, 2375000.00),
	(1029, 1005, 1026, 18, 160000.00, 2880000.00),
	(1030, 1005, 1027, 15, 135000.00, 2025000.00),
	(1031, 1005, 1028, 40, 250000.00, 10000000.00),
	(1032, 1005, 1029, 10, 270000.00, 2700000.00),
	(1033, 1005, 1030, 20, 150000.00, 3000000.00),
	(1034, 1005, 1031, 20, 55000.00, 1100000.00),
	(1035, 1005, 1032, 20, 90000.00, 1800000.00),
	(1036, 1005, 1014, 1000, 10000.00, 10000000.00),
	(1037, 1006, 1014, 1000, 10000.00, 10000000.00),
	(1038, 1006, 1009, 300, 61000.00, 18300000.00),
	(1039, 1006, 1033, 20, 270000.00, 5400000.00),
	(1040, 1006, 1034, 50, 320000.00, 16000000.00),
	(1041, 1006, 1035, 24, 225000.00, 5400000.00),
	(1042, 1006, 1036, 12, 250000.00, 3000000.00),
	(1043, 1007, 1009, 300, 61000.00, 18300000.00),
	(1044, 1007, 1021, 16, 350000.00, 5600000.00),
	(1045, 1007, 1035, 20, 250000.00, 5000000.00),
	(1046, 1007, 1027, 20, 135000.00, 2700000.00),
	(1047, 1007, 1026, 20, 160000.00, 3200000.00),
	(1048, 1007, 1028, 20, 250000.00, 5000000.00),
	(1049, 1007, 1032, 26, 90000.00, 2340000.00),
	(1050, 1007, 1037, 30, 125000.00, 3750000.00),
	(1051, 1007, 1038, 300, 27000.00, 8100000.00),
	(1052, 1007, 1039, 60, 75000.00, 4500000.00),
	(1053, 1007, 1040, 250, 2500.00, 625000.00),
	(1054, 1007, 1041, 1000, 10000.00, 10000000.00),
	(1055, 1007, 1042, 50, 45000.00, 2250000.00),
	(1056, 1008, 1014, 1000, 10000.00, 10000000.00),
	(1057, 1008, 1009, 300, 61000.00, 18300000.00),
	(1058, 1008, 1034, 50, 320000.00, 16000000.00),
	(1059, 1008, 1033, 20, 270000.00, 5400000.00),
	(1060, 1008, 1035, 24, 225000.00, 5400000.00),
	(1061, 1008, 1036, 12, 250000.00, 3000000.00),
	(1062, 1009, 1015, 1000, 19000.00, 19000000.00),
	(1063, 1009, 1043, 1000, 7500.00, 7500000.00),
	(1064, 1009, 1029, 20, 270000.00, 5400000.00),
	(1065, 1009, 1028, 30, 250000.00, 7500000.00),
	(1066, 1009, 1016, 20, 135000.00, 2700000.00),
	(1067, 1009, 1007, 45, 90000.00, 4050000.00),
	(1068, 1009, 1035, 20, 250000.00, 5000000.00),
	(1069, 1010, 1008, 1000, 14500.00, 14500000.00),
	(1070, 1010, 1009, 300, 61000.00, 18300000.00),
	(1071, 1010, 1044, 30, 75000.00, 2250000.00),
	(1072, 1010, 1045, 4, 2000000.00, 8000000.00),
	(1073, 1011, 1015, 1000, 19000.00, 19000000.00),
	(1074, 1011, 1014, 1052, 7500.00, 7890000.00),
	(1075, 1011, 1046, 20, 170000.00, 3400000.00),
	(1076, 1011, 1030, 10, 150000.00, 1500000.00),
	(1077, 1011, 1047, 142, 18000.00, 2556000.00),
	(1078, 1012, 1048, 1000, 7500.00, 7500000.00),
	(1079, 1012, 1029, 10, 270000.00, 2700000.00),
	(1080, 1012, 1028, 10, 250000.00, 2500000.00),
	(1081, 1012, 1049, 24, 110000.00, 2640000.00),
	(1082, 1012, 1032, 30, 90000.00, 2700000.00),
	(1083, 1012, 1031, 80, 55000.00, 4400000.00),
	(1084, 1012, 1050, 50, 130000.00, 6500000.00),
	(1085, 1012, 1051, 10, 150000.00, 1500000.00),
	(1086, 1012, 1052, 30, 135000.00, 4050000.00),
	(1087, 1013, 1027, 12, 135000.00, 1620000.00),
	(1088, 1013, 1046, 12, 170000.00, 2040000.00),
	(1089, 1013, 1035, 10, 250000.00, 2500000.00),
	(1090, 1013, 1030, 35, 150000.00, 5250000.00),
	(1091, 1013, 1053, 7, 150000.00, 1050000.00),
	(1092, 1013, 1029, 20, 270000.00, 5400000.00),
	(1093, 1013, 1054, 20, 135000.00, 2700000.00),
	(1094, 1014, 1055, 200, 110000.00, 22000000.00),
	(1095, 1014, 1008, 1000, 13000.00, 13000000.00),
	(1096, 1014, 1029, 20, 270000.00, 5400000.00),
	(1097, 1014, 1012, 200, 30000.00, 6000000.00),
	(1098, 1014, 1027, 7, 135000.00, 945000.00),
	(1099, 1014, 1046, 20, 170000.00, 3400000.00),
	(1100, 1015, 1043, 1970, 6800.00, 13396000.00),
	(1101, 1015, 1056, 50, 120000.00, 6000000.00),
	(1102, 1015, 1028, 50, 250000.00, 12500000.00),
	(1103, 1016, 1057, 600, 66000.00, 39600000.00),
	(1104, 1016, 1011, 100, 250000.00, 25000000.00),
	(1105, 1017, 1009, 300, 66000.00, 19800000.00),
	(1106, 1017, 1012, 500, 27000.00, 13500000.00),
	(1107, 1017, 1041, 2000, 10000.00, 20000000.00),
	(1108, 1017, 1032, 30, 90000.00, 2700000.00),
	(1109, 1017, 1016, 23, 130000.00, 2990000.00);

-- Dumping data for table db_lifting.karyawan: ~1 rows (approximately)
INSERT INTO `karyawan` (`id`, `nama_lengkap`, `username`, `password`, `peran`) VALUES
	(1000, 'Marcel', '6935498db3979', '123', 'Admin');

-- Dumping data for table db_lifting.metode_pembayaran: ~0 rows (approximately)

-- Dumping data for table db_lifting.pelanggan: ~17 rows (approximately)
INSERT INTO `pelanggan` (`id`, `nama`, `no_telepon`, `dibuat_pada`) VALUES
	(1000, 'Via', NULL, '2025-12-07 09:31:57'),
	(1001, 'Rifa', NULL, '2025-12-07 09:35:10'),
	(1002, 'Farel', NULL, '2025-12-07 09:39:42'),
	(1003, 'Kay', NULL, '2025-12-07 09:46:42'),
	(1004, 'Novi', NULL, '2025-12-07 09:49:18'),
	(1005, 'Andi', NULL, '2025-12-07 09:59:44'),
	(1006, 'Novri', NULL, '2025-12-07 10:10:16'),
	(1007, 'Andika', NULL, '2025-12-07 10:22:51'),
	(1008, 'Ibnu', NULL, '2025-12-07 10:27:13'),
	(1009, 'Toro', NULL, '2025-12-07 10:34:51'),
	(1010, 'Ciko', NULL, '2025-12-07 10:37:17'),
	(1011, 'Darma', NULL, '2025-12-07 10:51:02'),
	(1012, 'Rifat', NULL, '2025-12-07 10:55:16'),
	(1013, 'Rendi', NULL, '2025-12-07 11:00:09'),
	(1014, 'Andri', NULL, '2025-12-07 11:02:22'),
	(1015, 'Tia', NULL, '2025-12-07 11:04:17'),
	(1016, 'Ria', NULL, '2025-12-07 11:07:10');

-- Dumping data for table db_lifting.riwayat_pembayaran: ~18 rows (approximately)
INSERT INTO `riwayat_pembayaran` (`id`, `transaksi_id`, `karyawan_id`, `metode_pembayaran_id`, `tanggal_bayar`, `jumlah_bayar`, `keterangan`, `bukti_transfer`) VALUES
	(1000, 1000, 1000, NULL, '2025-09-17 04:00:00', 63000000.00, 'Pembayaran Awal / DP', NULL),
	(1001, 1001, 1000, NULL, '2025-06-10 04:00:00', 36000000.00, 'Pembayaran Awal / DP', NULL),
	(1002, 1002, 1000, NULL, '2025-12-07 04:00:00', 26947500.00, 'Pembayaran Awal / DP', NULL),
	(1003, 1003, 1000, NULL, '2025-12-07 04:00:00', 29338000.00, 'Pembayaran Awal / DP', NULL),
	(1004, 1004, 1000, NULL, '2025-09-11 04:00:00', 70200000.00, 'Pembayaran Awal / DP', NULL),
	(1005, 1005, 1000, NULL, '2025-10-18 04:00:00', 59280000.00, 'Pembayaran Awal / DP', NULL),
	(1006, 1006, 1000, NULL, '2025-10-09 04:00:00', 58100000.00, 'Pembayaran Awal / DP', NULL),
	(1007, 1007, 1000, NULL, '2025-09-03 04:00:00', 71365000.00, 'Pembayaran Awal / DP', NULL),
	(1008, 1008, 1000, NULL, '2025-09-13 04:00:00', 58100000.00, 'Pembayaran Awal / DP', NULL),
	(1009, 1009, 1000, NULL, '2025-11-30 04:00:00', 51150000.00, 'Pembayaran Awal / DP', NULL),
	(1010, 1010, 1000, NULL, '2025-04-04 04:00:00', 43050000.00, 'Pembayaran Awal / DP', NULL),
	(1011, 1011, 1000, NULL, '2025-10-24 04:00:00', 34346000.00, 'Pembayaran Awal / DP', NULL),
	(1012, 1012, 1000, NULL, '2025-07-02 04:00:00', 34490000.00, 'Pembayaran Awal / DP', NULL),
	(1013, 1013, 1000, NULL, '2025-08-02 04:00:00', 20560000.00, 'Pembayaran Awal / DP', NULL),
	(1014, 1014, 1000, NULL, '2025-07-17 04:00:00', 50745000.00, 'Pembayaran Awal / DP', NULL),
	(1015, 1015, 1000, NULL, '2025-12-05 04:00:00', 31896000.00, 'Pembayaran Awal / DP', NULL),
	(1016, 1016, 1000, NULL, '2025-07-26 04:00:00', 64600000.00, 'Pembayaran Awal / DP', NULL),
	(1017, 1017, 1000, NULL, '2025-09-20 04:00:00', 58990000.00, 'Pembayaran Awal / DP', NULL);

-- Dumping data for table db_lifting.transaksi: ~18 rows (approximately)
INSERT INTO `transaksi` (`id`, `pelanggan_id`, `karyawan_id`, `tanggal`, `total_tagihan`, `total_dibayar`, `sisa_tagihan`, `status_pembayaran`) VALUES
	(1000, 1000, 1000, '2025-09-17', 63000000.00, 63000000.00, 0.00, 'Lunas'),
	(1001, 1001, 1000, '2025-06-10', 36000000.00, 36000000.00, 0.00, 'Lunas'),
	(1002, 1002, 1000, '2025-12-07', 26947500.00, 26947500.00, 0.00, 'Lunas'),
	(1003, 1003, 1000, '2025-12-07', 29388000.00, 29338000.00, 50000.00, 'Belum Lunas'),
	(1004, 1004, 1000, '2025-09-11', 70200000.00, 70200000.00, 0.00, 'Lunas'),
	(1005, 1005, 1000, '2025-10-18', 59280000.00, 59280000.00, 0.00, 'Lunas'),
	(1006, 1006, 1000, '2025-10-09', 58100000.00, 58100000.00, 0.00, 'Lunas'),
	(1007, 1007, 1000, '2025-09-03', 71365000.00, 71365000.00, 0.00, 'Lunas'),
	(1008, 1008, 1000, '2025-09-13', 58100000.00, 58100000.00, 0.00, 'Lunas'),
	(1009, 1009, 1000, '2025-11-30', 51150000.00, 51150000.00, 0.00, 'Lunas'),
	(1010, 1010, 1000, '2025-04-04', 43050000.00, 43050000.00, 0.00, 'Lunas'),
	(1011, 1006, 1000, '2025-10-24', 34346000.00, 34346000.00, 0.00, 'Lunas'),
	(1012, 1011, 1000, '2025-07-02', 34490000.00, 34490000.00, 0.00, 'Lunas'),
	(1013, 1012, 1000, '2025-08-02', 20560000.00, 20560000.00, 0.00, 'Lunas'),
	(1014, 1013, 1000, '2025-07-17', 50745000.00, 50745000.00, 0.00, 'Lunas'),
	(1015, 1014, 1000, '2025-12-05', 31896000.00, 31896000.00, 0.00, 'Lunas'),
	(1016, 1015, 1000, '2025-07-26', 64600000.00, 64600000.00, 0.00, 'Lunas'),
	(1017, 1016, 1000, '2025-09-20', 58990000.00, 58990000.00, 0.00, 'Lunas');

/*!40103 SET TIME_ZONE=IFNULL(@OLD_TIME_ZONE, 'system') */;
/*!40101 SET SQL_MODE=IFNULL(@OLD_SQL_MODE, '') */;
/*!40014 SET FOREIGN_KEY_CHECKS=IFNULL(@OLD_FOREIGN_KEY_CHECKS, 1) */;
/*!40101 SET CHARACTER_SET_CLIENT=@OLD_CHARACTER_SET_CLIENT */;
/*!40111 SET SQL_NOTES=IFNULL(@OLD_SQL_NOTES, 1) */;
